{"223748900": 1740532636.6343656, "403390083": 1740624374.5727918}