{"223748900": 1740532636.6343656, "403390083": 1740533500.2537653}